-- MySQL dump 10.13  Distrib 8.0.18, for Win64 (x86_64)
--
-- Host: localhost    Database: uas_web_2
-- ------------------------------------------------------
-- Server version	9.0.1

/*!40101 SET @OLD_CHARACTER_SET_CLIENT=@@CHARACTER_SET_CLIENT */;
/*!40101 SET @OLD_CHARACTER_SET_RESULTS=@@CHARACTER_SET_RESULTS */;
/*!40101 SET @OLD_COLLATION_CONNECTION=@@COLLATION_CONNECTION */;
/*!50503 SET NAMES utf8mb4 */;
/*!40103 SET @OLD_TIME_ZONE=@@TIME_ZONE */;
/*!40103 SET TIME_ZONE='+00:00' */;
/*!40014 SET @OLD_UNIQUE_CHECKS=@@UNIQUE_CHECKS, UNIQUE_CHECKS=0 */;
/*!40014 SET @OLD_FOREIGN_KEY_CHECKS=@@FOREIGN_KEY_CHECKS, FOREIGN_KEY_CHECKS=0 */;
/*!40101 SET @OLD_SQL_MODE=@@SQL_MODE, SQL_MODE='NO_AUTO_VALUE_ON_ZERO' */;
/*!40111 SET @OLD_SQL_NOTES=@@SQL_NOTES, SQL_NOTES=0 */;

--
-- Table structure for table `attendances`
--

DROP TABLE IF EXISTS `attendances`;
/*!40101 SET @saved_cs_client     = @@character_set_client */;
/*!50503 SET character_set_client = utf8mb4 */;
CREATE TABLE `attendances` (
  `id` bigint unsigned NOT NULL AUTO_INCREMENT,
  `employee_id` bigint unsigned NOT NULL,
  `date` datetime NOT NULL,
  `type` enum('in','out') COLLATE utf8mb4_unicode_ci NOT NULL,
  `is_late` tinyint(1) NOT NULL DEFAULT '0',
  `created_at` timestamp NULL DEFAULT NULL,
  `updated_at` timestamp NULL DEFAULT NULL,
  PRIMARY KEY (`id`),
  KEY `attendances_employee_id_foreign` (`employee_id`),
  CONSTRAINT `attendances_employee_id_foreign` FOREIGN KEY (`employee_id`) REFERENCES `employees` (`id`) ON DELETE CASCADE ON UPDATE CASCADE
) ENGINE=InnoDB AUTO_INCREMENT=381 DEFAULT CHARSET=utf8mb4 COLLATE=utf8mb4_unicode_ci;
/*!40101 SET character_set_client = @saved_cs_client */;

--
-- Dumping data for table `attendances`
--

LOCK TABLES `attendances` WRITE;
/*!40000 ALTER TABLE `attendances` DISABLE KEYS */;
INSERT INTO `attendances` VALUES (1,1,'2024-08-01 09:13:00','in',0,'2024-08-01 09:13:00','2024-08-01 09:13:00'),(2,1,'2024-08-01 17:00:00','out',0,'2024-08-01 17:00:00','2024-08-01 17:00:00'),(3,2,'2024-08-01 09:20:00','in',1,'2024-08-01 09:20:00','2024-08-01 09:20:00'),(4,2,'2024-08-01 17:00:00','out',0,'2024-08-01 17:00:00','2024-08-01 17:00:00'),(5,3,'2024-08-01 09:11:00','in',0,'2024-08-01 09:11:00','2024-08-01 09:11:00'),(6,3,'2024-08-01 17:00:00','out',0,'2024-08-01 17:00:00','2024-08-01 17:00:00'),(7,4,'2024-08-01 09:03:00','in',0,'2024-08-01 09:03:00','2024-08-01 09:03:00'),(8,4,'2024-08-01 17:00:00','out',0,'2024-08-01 17:00:00','2024-08-01 17:00:00'),(9,5,'2024-08-01 09:17:00','in',1,'2024-08-01 09:17:00','2024-08-01 09:17:00'),(10,5,'2024-08-01 17:00:00','out',0,'2024-08-01 17:00:00','2024-08-01 17:00:00'),(11,6,'2024-08-01 09:15:00','in',0,'2024-08-01 09:15:00','2024-08-01 09:15:00'),(12,6,'2024-08-01 17:00:00','out',0,'2024-08-01 17:00:00','2024-08-01 17:00:00'),(13,7,'2024-08-01 09:03:00','in',0,'2024-08-01 09:03:00','2024-08-01 09:03:00'),(14,7,'2024-08-01 17:00:00','out',0,'2024-08-01 17:00:00','2024-08-01 17:00:00'),(15,8,'2024-08-01 09:04:00','in',0,'2024-08-01 09:04:00','2024-08-01 09:04:00'),(16,8,'2024-08-01 17:00:00','out',0,'2024-08-01 17:00:00','2024-08-01 17:00:00'),(17,9,'2024-08-01 09:04:00','in',0,'2024-08-01 09:04:00','2024-08-01 09:04:00'),(18,9,'2024-08-01 17:00:00','out',0,'2024-08-01 17:00:00','2024-08-01 17:00:00'),(19,10,'2024-08-01 09:03:00','in',0,'2024-08-01 09:03:00','2024-08-01 09:03:00'),(20,10,'2024-08-01 17:00:00','out',0,'2024-08-01 17:00:00','2024-08-01 17:00:00'),(21,11,'2024-08-01 09:14:00','in',0,'2024-08-01 09:14:00','2024-08-01 09:14:00'),(22,11,'2024-08-01 17:00:00','out',0,'2024-08-01 17:00:00','2024-08-01 17:00:00'),(23,12,'2024-08-01 09:13:00','in',0,'2024-08-01 09:13:00','2024-08-01 09:13:00'),(24,12,'2024-08-01 17:00:00','out',0,'2024-08-01 17:00:00','2024-08-01 17:00:00'),(25,13,'2024-08-01 09:17:00','in',1,'2024-08-01 09:17:00','2024-08-01 09:17:00'),(26,13,'2024-08-01 17:00:00','out',0,'2024-08-01 17:00:00','2024-08-01 17:00:00'),(27,14,'2024-08-01 09:06:00','in',0,'2024-08-01 09:06:00','2024-08-01 09:06:00'),(28,14,'2024-08-01 17:00:00','out',0,'2024-08-01 17:00:00','2024-08-01 17:00:00'),(29,15,'2024-08-01 09:01:00','in',0,'2024-08-01 09:01:00','2024-08-01 09:01:00'),(30,15,'2024-08-01 17:00:00','out',0,'2024-08-01 17:00:00','2024-08-01 17:00:00'),(31,16,'2024-08-01 09:20:00','in',1,'2024-08-01 09:20:00','2024-08-01 09:20:00'),(32,16,'2024-08-01 17:00:00','out',0,'2024-08-01 17:00:00','2024-08-01 17:00:00'),(33,17,'2024-08-01 09:16:00','in',1,'2024-08-01 09:16:00','2024-08-01 09:16:00'),(34,17,'2024-08-01 17:00:00','out',0,'2024-08-01 17:00:00','2024-08-01 17:00:00'),(35,18,'2024-08-01 09:15:00','in',0,'2024-08-01 09:15:00','2024-08-01 09:15:00'),(36,18,'2024-08-01 17:00:00','out',0,'2024-08-01 17:00:00','2024-08-01 17:00:00'),(37,19,'2024-08-01 09:16:00','in',1,'2024-08-01 09:16:00','2024-08-01 09:16:00'),(38,19,'2024-08-01 17:00:00','out',0,'2024-08-01 17:00:00','2024-08-01 17:00:00'),(39,20,'2024-08-01 09:08:00','in',0,'2024-08-01 09:08:00','2024-08-01 09:08:00'),(40,20,'2024-08-01 17:00:00','out',0,'2024-08-01 17:00:00','2024-08-01 17:00:00'),(41,21,'2024-08-01 09:20:00','in',1,'2024-08-01 09:20:00','2024-08-01 09:20:00'),(42,21,'2024-08-01 17:00:00','out',0,'2024-08-01 17:00:00','2024-08-01 17:00:00'),(43,1,'2024-08-02 09:10:00','in',0,'2024-08-02 09:10:00','2024-08-02 09:10:00'),(44,1,'2024-08-02 17:00:00','out',0,'2024-08-02 17:00:00','2024-08-02 17:00:00'),(45,2,'2024-08-02 09:13:00','in',0,'2024-08-02 09:13:00','2024-08-02 09:13:00'),(46,2,'2024-08-02 17:00:00','out',0,'2024-08-02 17:00:00','2024-08-02 17:00:00'),(47,3,'2024-08-02 09:18:00','in',1,'2024-08-02 09:18:00','2024-08-02 09:18:00'),(48,3,'2024-08-02 17:00:00','out',0,'2024-08-02 17:00:00','2024-08-02 17:00:00'),(49,4,'2024-08-02 09:19:00','in',1,'2024-08-02 09:19:00','2024-08-02 09:19:00'),(50,4,'2024-08-02 17:00:00','out',0,'2024-08-02 17:00:00','2024-08-02 17:00:00'),(51,5,'2024-08-02 09:18:00','in',1,'2024-08-02 09:18:00','2024-08-02 09:18:00'),(52,5,'2024-08-02 17:00:00','out',0,'2024-08-02 17:00:00','2024-08-02 17:00:00'),(53,6,'2024-08-02 09:04:00','in',0,'2024-08-02 09:04:00','2024-08-02 09:04:00'),(54,6,'2024-08-02 17:00:00','out',0,'2024-08-02 17:00:00','2024-08-02 17:00:00'),(55,7,'2024-08-02 09:06:00','in',0,'2024-08-02 09:06:00','2024-08-02 09:06:00'),(56,7,'2024-08-02 17:00:00','out',0,'2024-08-02 17:00:00','2024-08-02 17:00:00'),(57,8,'2024-08-02 09:12:00','in',0,'2024-08-02 09:12:00','2024-08-02 09:12:00'),(58,8,'2024-08-02 17:00:00','out',0,'2024-08-02 17:00:00','2024-08-02 17:00:00'),(59,9,'2024-08-02 09:15:00','in',0,'2024-08-02 09:15:00','2024-08-02 09:15:00'),(60,9,'2024-08-02 17:00:00','out',0,'2024-08-02 17:00:00','2024-08-02 17:00:00'),(61,10,'2024-08-02 09:19:00','in',1,'2024-08-02 09:19:00','2024-08-02 09:19:00'),(62,10,'2024-08-02 17:00:00','out',0,'2024-08-02 17:00:00','2024-08-02 17:00:00'),(63,11,'2024-08-02 09:13:00','in',0,'2024-08-02 09:13:00','2024-08-02 09:13:00'),(64,11,'2024-08-02 17:00:00','out',0,'2024-08-02 17:00:00','2024-08-02 17:00:00'),(65,12,'2024-08-02 09:13:00','in',0,'2024-08-02 09:13:00','2024-08-02 09:13:00'),(66,12,'2024-08-02 17:00:00','out',0,'2024-08-02 17:00:00','2024-08-02 17:00:00'),(67,13,'2024-08-02 09:03:00','in',0,'2024-08-02 09:03:00','2024-08-02 09:03:00'),(68,13,'2024-08-02 17:00:00','out',0,'2024-08-02 17:00:00','2024-08-02 17:00:00'),(69,14,'2024-08-02 09:09:00','in',0,'2024-08-02 09:09:00','2024-08-02 09:09:00'),(70,14,'2024-08-02 17:00:00','out',0,'2024-08-02 17:00:00','2024-08-02 17:00:00'),(71,15,'2024-08-02 09:12:00','in',0,'2024-08-02 09:12:00','2024-08-02 09:12:00'),(72,15,'2024-08-02 17:00:00','out',0,'2024-08-02 17:00:00','2024-08-02 17:00:00'),(73,16,'2024-08-02 09:08:00','in',0,'2024-08-02 09:08:00','2024-08-02 09:08:00'),(74,16,'2024-08-02 17:00:00','out',0,'2024-08-02 17:00:00','2024-08-02 17:00:00'),(75,17,'2024-08-02 09:09:00','in',0,'2024-08-02 09:09:00','2024-08-02 09:09:00'),(76,17,'2024-08-02 17:00:00','out',0,'2024-08-02 17:00:00','2024-08-02 17:00:00'),(77,18,'2024-08-02 09:05:00','in',0,'2024-08-02 09:05:00','2024-08-02 09:05:00'),(78,18,'2024-08-02 17:00:00','out',0,'2024-08-02 17:00:00','2024-08-02 17:00:00'),(79,19,'2024-08-02 09:20:00','in',1,'2024-08-02 09:20:00','2024-08-02 09:20:00'),(80,19,'2024-08-02 17:00:00','out',0,'2024-08-02 17:00:00','2024-08-02 17:00:00'),(81,20,'2024-08-02 09:20:00','in',1,'2024-08-02 09:20:00','2024-08-02 09:20:00'),(82,20,'2024-08-02 17:00:00','out',0,'2024-08-02 17:00:00','2024-08-02 17:00:00'),(83,21,'2024-08-02 09:18:00','in',1,'2024-08-02 09:18:00','2024-08-02 09:18:00'),(84,21,'2024-08-02 17:00:00','out',0,'2024-08-02 17:00:00','2024-08-02 17:00:00'),(85,1,'2024-08-03 09:05:00','in',0,'2024-08-03 09:05:00','2024-08-03 09:05:00'),(86,1,'2024-08-03 17:00:00','out',0,'2024-08-03 17:00:00','2024-08-03 17:00:00'),(87,2,'2024-08-03 09:15:00','in',0,'2024-08-03 09:15:00','2024-08-03 09:15:00'),(88,2,'2024-08-03 17:00:00','out',0,'2024-08-03 17:00:00','2024-08-03 17:00:00'),(89,3,'2024-08-03 09:08:00','in',0,'2024-08-03 09:08:00','2024-08-03 09:08:00'),(90,3,'2024-08-03 17:00:00','out',0,'2024-08-03 17:00:00','2024-08-03 17:00:00'),(91,4,'2024-08-03 09:04:00','in',0,'2024-08-03 09:04:00','2024-08-03 09:04:00'),(92,4,'2024-08-03 17:00:00','out',0,'2024-08-03 17:00:00','2024-08-03 17:00:00'),(93,5,'2024-08-03 09:15:00','in',0,'2024-08-03 09:15:00','2024-08-03 09:15:00'),(94,5,'2024-08-03 17:00:00','out',0,'2024-08-03 17:00:00','2024-08-03 17:00:00'),(95,6,'2024-08-03 09:11:00','in',0,'2024-08-03 09:11:00','2024-08-03 09:11:00'),(96,6,'2024-08-03 17:00:00','out',0,'2024-08-03 17:00:00','2024-08-03 17:00:00'),(97,7,'2024-08-03 09:15:00','in',0,'2024-08-03 09:15:00','2024-08-03 09:15:00'),(98,7,'2024-08-03 17:00:00','out',0,'2024-08-03 17:00:00','2024-08-03 17:00:00'),(99,8,'2024-08-03 09:03:00','in',0,'2024-08-03 09:03:00','2024-08-03 09:03:00'),(100,8,'2024-08-03 17:00:00','out',0,'2024-08-03 17:00:00','2024-08-03 17:00:00'),(101,9,'2024-08-03 09:01:00','in',0,'2024-08-03 09:01:00','2024-08-03 09:01:00'),(102,9,'2024-08-03 17:00:00','out',0,'2024-08-03 17:00:00','2024-08-03 17:00:00'),(103,10,'2024-08-03 09:16:00','in',1,'2024-08-03 09:16:00','2024-08-03 09:16:00'),(104,10,'2024-08-03 17:00:00','out',0,'2024-08-03 17:00:00','2024-08-03 17:00:00'),(105,11,'2024-08-03 09:13:00','in',0,'2024-08-03 09:13:00','2024-08-03 09:13:00'),(106,11,'2024-08-03 17:00:00','out',0,'2024-08-03 17:00:00','2024-08-03 17:00:00'),(107,12,'2024-08-03 09:10:00','in',0,'2024-08-03 09:10:00','2024-08-03 09:10:00'),(108,12,'2024-08-03 17:00:00','out',0,'2024-08-03 17:00:00','2024-08-03 17:00:00'),(109,13,'2024-08-03 09:10:00','in',0,'2024-08-03 09:10:00','2024-08-03 09:10:00'),(110,13,'2024-08-03 17:00:00','out',0,'2024-08-03 17:00:00','2024-08-03 17:00:00'),(111,14,'2024-08-03 09:03:00','in',0,'2024-08-03 09:03:00','2024-08-03 09:03:00'),(112,14,'2024-08-03 17:00:00','out',0,'2024-08-03 17:00:00','2024-08-03 17:00:00'),(113,15,'2024-08-03 09:13:00','in',0,'2024-08-03 09:13:00','2024-08-03 09:13:00'),(114,15,'2024-08-03 17:00:00','out',0,'2024-08-03 17:00:00','2024-08-03 17:00:00'),(115,16,'2024-08-03 09:17:00','in',1,'2024-08-03 09:17:00','2024-08-03 09:17:00'),(116,16,'2024-08-03 17:00:00','out',0,'2024-08-03 17:00:00','2024-08-03 17:00:00'),(117,17,'2024-08-03 09:08:00','in',0,'2024-08-03 09:08:00','2024-08-03 09:08:00'),(118,17,'2024-08-03 17:00:00','out',0,'2024-08-03 17:00:00','2024-08-03 17:00:00'),(119,18,'2024-08-03 09:06:00','in',0,'2024-08-03 09:06:00','2024-08-03 09:06:00'),(120,18,'2024-08-03 17:00:00','out',0,'2024-08-03 17:00:00','2024-08-03 17:00:00'),(121,19,'2024-08-03 09:17:00','in',1,'2024-08-03 09:17:00','2024-08-03 09:17:00'),(122,19,'2024-08-03 17:00:00','out',0,'2024-08-03 17:00:00','2024-08-03 17:00:00'),(123,20,'2024-08-03 09:02:00','in',0,'2024-08-03 09:02:00','2024-08-03 09:02:00'),(124,20,'2024-08-03 17:00:00','out',0,'2024-08-03 17:00:00','2024-08-03 17:00:00'),(125,21,'2024-08-03 09:12:00','in',0,'2024-08-03 09:12:00','2024-08-03 09:12:00'),(126,21,'2024-08-03 17:00:00','out',0,'2024-08-03 17:00:00','2024-08-03 17:00:00'),(127,1,'2024-08-04 09:00:00','in',0,'2024-08-04 09:00:00','2024-08-04 09:00:00'),(128,1,'2024-08-04 17:00:00','out',0,'2024-08-04 17:00:00','2024-08-04 17:00:00'),(129,2,'2024-08-04 09:03:00','in',0,'2024-08-04 09:03:00','2024-08-04 09:03:00'),(130,2,'2024-08-04 17:00:00','out',0,'2024-08-04 17:00:00','2024-08-04 17:00:00'),(131,3,'2024-08-04 09:18:00','in',1,'2024-08-04 09:18:00','2024-08-04 09:18:00'),(132,3,'2024-08-04 17:00:00','out',0,'2024-08-04 17:00:00','2024-08-04 17:00:00'),(133,4,'2024-08-04 09:00:00','in',0,'2024-08-04 09:00:00','2024-08-04 09:00:00'),(134,4,'2024-08-04 17:00:00','out',0,'2024-08-04 17:00:00','2024-08-04 17:00:00'),(135,5,'2024-08-04 09:08:00','in',0,'2024-08-04 09:08:00','2024-08-04 09:08:00'),(136,5,'2024-08-04 17:00:00','out',0,'2024-08-04 17:00:00','2024-08-04 17:00:00'),(137,6,'2024-08-04 09:05:00','in',0,'2024-08-04 09:05:00','2024-08-04 09:05:00'),(138,6,'2024-08-04 17:00:00','out',0,'2024-08-04 17:00:00','2024-08-04 17:00:00'),(139,7,'2024-08-04 09:02:00','in',0,'2024-08-04 09:02:00','2024-08-04 09:02:00'),(140,7,'2024-08-04 17:00:00','out',0,'2024-08-04 17:00:00','2024-08-04 17:00:00'),(141,8,'2024-08-04 09:12:00','in',0,'2024-08-04 09:12:00','2024-08-04 09:12:00'),(142,8,'2024-08-04 17:00:00','out',0,'2024-08-04 17:00:00','2024-08-04 17:00:00'),(143,9,'2024-08-04 09:11:00','in',0,'2024-08-04 09:11:00','2024-08-04 09:11:00'),(144,9,'2024-08-04 17:00:00','out',0,'2024-08-04 17:00:00','2024-08-04 17:00:00'),(145,10,'2024-08-04 09:05:00','in',0,'2024-08-04 09:05:00','2024-08-04 09:05:00'),(146,10,'2024-08-04 17:00:00','out',0,'2024-08-04 17:00:00','2024-08-04 17:00:00'),(147,11,'2024-08-04 09:18:00','in',1,'2024-08-04 09:18:00','2024-08-04 09:18:00'),(148,11,'2024-08-04 17:00:00','out',0,'2024-08-04 17:00:00','2024-08-04 17:00:00'),(149,12,'2024-08-04 09:17:00','in',1,'2024-08-04 09:17:00','2024-08-04 09:17:00'),(150,12,'2024-08-04 17:00:00','out',0,'2024-08-04 17:00:00','2024-08-04 17:00:00'),(151,13,'2024-08-04 09:00:00','in',0,'2024-08-04 09:00:00','2024-08-04 09:00:00'),(152,13,'2024-08-04 17:00:00','out',0,'2024-08-04 17:00:00','2024-08-04 17:00:00'),(153,14,'2024-08-04 09:13:00','in',0,'2024-08-04 09:13:00','2024-08-04 09:13:00'),(154,14,'2024-08-04 17:00:00','out',0,'2024-08-04 17:00:00','2024-08-04 17:00:00'),(155,15,'2024-08-04 09:12:00','in',0,'2024-08-04 09:12:00','2024-08-04 09:12:00'),(156,15,'2024-08-04 17:00:00','out',0,'2024-08-04 17:00:00','2024-08-04 17:00:00'),(157,16,'2024-08-04 09:11:00','in',0,'2024-08-04 09:11:00','2024-08-04 09:11:00'),(158,16,'2024-08-04 17:00:00','out',0,'2024-08-04 17:00:00','2024-08-04 17:00:00'),(159,17,'2024-08-04 09:09:00','in',0,'2024-08-04 09:09:00','2024-08-04 09:09:00'),(160,17,'2024-08-04 17:00:00','out',0,'2024-08-04 17:00:00','2024-08-04 17:00:00'),(161,18,'2024-08-04 09:20:00','in',1,'2024-08-04 09:20:00','2024-08-04 09:20:00'),(162,18,'2024-08-04 17:00:00','out',0,'2024-08-04 17:00:00','2024-08-04 17:00:00'),(163,19,'2024-08-04 09:05:00','in',0,'2024-08-04 09:05:00','2024-08-04 09:05:00'),(164,19,'2024-08-04 17:00:00','out',0,'2024-08-04 17:00:00','2024-08-04 17:00:00'),(165,20,'2024-08-04 09:20:00','in',1,'2024-08-04 09:20:00','2024-08-04 09:20:00'),(166,20,'2024-08-04 17:00:00','out',0,'2024-08-04 17:00:00','2024-08-04 17:00:00'),(167,21,'2024-08-04 09:10:00','in',0,'2024-08-04 09:10:00','2024-08-04 09:10:00'),(168,21,'2024-08-04 17:00:00','out',0,'2024-08-04 17:00:00','2024-08-04 17:00:00'),(169,1,'2024-08-05 09:04:00','in',0,'2024-08-05 09:04:00','2024-08-05 09:04:00'),(170,1,'2024-08-05 17:00:00','out',0,'2024-08-05 17:00:00','2024-08-05 17:00:00'),(171,2,'2024-08-05 09:02:00','in',0,'2024-08-05 09:02:00','2024-08-05 09:02:00'),(172,2,'2024-08-05 17:00:00','out',0,'2024-08-05 17:00:00','2024-08-05 17:00:00'),(173,3,'2024-08-05 09:15:00','in',0,'2024-08-05 09:15:00','2024-08-05 09:15:00'),(174,3,'2024-08-05 17:00:00','out',0,'2024-08-05 17:00:00','2024-08-05 17:00:00'),(175,4,'2024-08-05 09:17:00','in',1,'2024-08-05 09:17:00','2024-08-05 09:17:00'),(176,4,'2024-08-05 17:00:00','out',0,'2024-08-05 17:00:00','2024-08-05 17:00:00'),(177,5,'2024-08-05 09:01:00','in',0,'2024-08-05 09:01:00','2024-08-05 09:01:00'),(178,5,'2024-08-05 17:00:00','out',0,'2024-08-05 17:00:00','2024-08-05 17:00:00'),(179,6,'2024-08-05 09:17:00','in',1,'2024-08-05 09:17:00','2024-08-05 09:17:00'),(180,6,'2024-08-05 17:00:00','out',0,'2024-08-05 17:00:00','2024-08-05 17:00:00'),(181,7,'2024-08-05 09:09:00','in',0,'2024-08-05 09:09:00','2024-08-05 09:09:00'),(182,7,'2024-08-05 17:00:00','out',0,'2024-08-05 17:00:00','2024-08-05 17:00:00'),(183,8,'2024-08-05 09:10:00','in',0,'2024-08-05 09:10:00','2024-08-05 09:10:00'),(184,8,'2024-08-05 17:00:00','out',0,'2024-08-05 17:00:00','2024-08-05 17:00:00'),(185,9,'2024-08-05 09:19:00','in',1,'2024-08-05 09:19:00','2024-08-05 09:19:00'),(186,9,'2024-08-05 17:00:00','out',0,'2024-08-05 17:00:00','2024-08-05 17:00:00'),(187,10,'2024-08-05 09:16:00','in',1,'2024-08-05 09:16:00','2024-08-05 09:16:00'),(188,10,'2024-08-05 17:00:00','out',0,'2024-08-05 17:00:00','2024-08-05 17:00:00'),(189,11,'2024-08-05 09:05:00','in',0,'2024-08-05 09:05:00','2024-08-05 09:05:00'),(190,11,'2024-08-05 17:00:00','out',0,'2024-08-05 17:00:00','2024-08-05 17:00:00'),(191,12,'2024-08-05 09:11:00','in',0,'2024-08-05 09:11:00','2024-08-05 09:11:00'),(192,12,'2024-08-05 17:00:00','out',0,'2024-08-05 17:00:00','2024-08-05 17:00:00'),(193,13,'2024-08-05 09:16:00','in',1,'2024-08-05 09:16:00','2024-08-05 09:16:00'),(194,13,'2024-08-05 17:00:00','out',0,'2024-08-05 17:00:00','2024-08-05 17:00:00'),(195,14,'2024-08-05 09:17:00','in',1,'2024-08-05 09:17:00','2024-08-05 09:17:00'),(196,14,'2024-08-05 17:00:00','out',0,'2024-08-05 17:00:00','2024-08-05 17:00:00'),(197,15,'2024-08-05 09:13:00','in',0,'2024-08-05 09:13:00','2024-08-05 09:13:00'),(198,15,'2024-08-05 17:00:00','out',0,'2024-08-05 17:00:00','2024-08-05 17:00:00'),(199,16,'2024-08-05 09:02:00','in',0,'2024-08-05 09:02:00','2024-08-05 09:02:00'),(200,16,'2024-08-05 17:00:00','out',0,'2024-08-05 17:00:00','2024-08-05 17:00:00'),(201,17,'2024-08-05 09:05:00','in',0,'2024-08-05 09:05:00','2024-08-05 09:05:00'),(202,17,'2024-08-05 17:00:00','out',0,'2024-08-05 17:00:00','2024-08-05 17:00:00'),(203,18,'2024-08-05 09:07:00','in',0,'2024-08-05 09:07:00','2024-08-05 09:07:00'),(204,18,'2024-08-05 17:00:00','out',0,'2024-08-05 17:00:00','2024-08-05 17:00:00'),(205,19,'2024-08-05 09:16:00','in',1,'2024-08-05 09:16:00','2024-08-05 09:16:00'),(206,19,'2024-08-05 17:00:00','out',0,'2024-08-05 17:00:00','2024-08-05 17:00:00'),(207,20,'2024-08-05 09:17:00','in',1,'2024-08-05 09:17:00','2024-08-05 09:17:00'),(208,20,'2024-08-05 17:00:00','out',0,'2024-08-05 17:00:00','2024-08-05 17:00:00'),(209,21,'2024-08-05 09:20:00','in',1,'2024-08-05 09:20:00','2024-08-05 09:20:00'),(210,21,'2024-08-05 17:00:00','out',0,'2024-08-05 17:00:00','2024-08-05 17:00:00'),(211,1,'2024-08-06 09:08:00','in',0,'2024-08-06 09:08:00','2024-08-06 09:08:00'),(212,1,'2024-08-06 17:00:00','out',0,'2024-08-06 17:00:00','2024-08-06 17:00:00'),(213,2,'2024-08-06 09:10:00','in',0,'2024-08-06 09:10:00','2024-08-06 09:10:00'),(214,2,'2024-08-06 17:00:00','out',0,'2024-08-06 17:00:00','2024-08-06 17:00:00'),(215,3,'2024-08-06 09:20:00','in',1,'2024-08-06 09:20:00','2024-08-06 09:20:00'),(216,3,'2024-08-06 17:00:00','out',0,'2024-08-06 17:00:00','2024-08-06 17:00:00'),(217,4,'2024-08-06 09:01:00','in',0,'2024-08-06 09:01:00','2024-08-06 09:01:00'),(218,4,'2024-08-06 17:00:00','out',0,'2024-08-06 17:00:00','2024-08-06 17:00:00'),(219,5,'2024-08-06 09:12:00','in',0,'2024-08-06 09:12:00','2024-08-06 09:12:00'),(220,5,'2024-08-06 17:00:00','out',0,'2024-08-06 17:00:00','2024-08-06 17:00:00'),(221,6,'2024-08-06 09:18:00','in',1,'2024-08-06 09:18:00','2024-08-06 09:18:00'),(222,6,'2024-08-06 17:00:00','out',0,'2024-08-06 17:00:00','2024-08-06 17:00:00'),(223,7,'2024-08-06 09:16:00','in',1,'2024-08-06 09:16:00','2024-08-06 09:16:00'),(224,7,'2024-08-06 17:00:00','out',0,'2024-08-06 17:00:00','2024-08-06 17:00:00'),(225,8,'2024-08-06 09:09:00','in',0,'2024-08-06 09:09:00','2024-08-06 09:09:00'),(226,8,'2024-08-06 17:00:00','out',0,'2024-08-06 17:00:00','2024-08-06 17:00:00'),(227,9,'2024-08-06 09:14:00','in',0,'2024-08-06 09:14:00','2024-08-06 09:14:00'),(228,9,'2024-08-06 17:00:00','out',0,'2024-08-06 17:00:00','2024-08-06 17:00:00'),(229,10,'2024-08-06 09:18:00','in',1,'2024-08-06 09:18:00','2024-08-06 09:18:00'),(230,10,'2024-08-06 17:00:00','out',0,'2024-08-06 17:00:00','2024-08-06 17:00:00'),(231,11,'2024-08-06 09:10:00','in',0,'2024-08-06 09:10:00','2024-08-06 09:10:00'),(232,11,'2024-08-06 17:00:00','out',0,'2024-08-06 17:00:00','2024-08-06 17:00:00'),(233,12,'2024-08-06 09:20:00','in',1,'2024-08-06 09:20:00','2024-08-06 09:20:00'),(234,12,'2024-08-06 17:00:00','out',0,'2024-08-06 17:00:00','2024-08-06 17:00:00'),(235,13,'2024-08-06 09:10:00','in',0,'2024-08-06 09:10:00','2024-08-06 09:10:00'),(236,13,'2024-08-06 17:00:00','out',0,'2024-08-06 17:00:00','2024-08-06 17:00:00'),(237,14,'2024-08-06 09:20:00','in',1,'2024-08-06 09:20:00','2024-08-06 09:20:00'),(238,14,'2024-08-06 17:00:00','out',0,'2024-08-06 17:00:00','2024-08-06 17:00:00'),(239,15,'2024-08-06 09:18:00','in',1,'2024-08-06 09:18:00','2024-08-06 09:18:00'),(240,15,'2024-08-06 17:00:00','out',0,'2024-08-06 17:00:00','2024-08-06 17:00:00'),(241,16,'2024-08-06 09:05:00','in',0,'2024-08-06 09:05:00','2024-08-06 09:05:00'),(242,16,'2024-08-06 17:00:00','out',0,'2024-08-06 17:00:00','2024-08-06 17:00:00'),(243,17,'2024-08-06 09:06:00','in',0,'2024-08-06 09:06:00','2024-08-06 09:06:00'),(244,17,'2024-08-06 17:00:00','out',0,'2024-08-06 17:00:00','2024-08-06 17:00:00'),(245,18,'2024-08-06 09:20:00','in',1,'2024-08-06 09:20:00','2024-08-06 09:20:00'),(246,18,'2024-08-06 17:00:00','out',0,'2024-08-06 17:00:00','2024-08-06 17:00:00'),(247,19,'2024-08-06 09:17:00','in',1,'2024-08-06 09:17:00','2024-08-06 09:17:00'),(248,19,'2024-08-06 17:00:00','out',0,'2024-08-06 17:00:00','2024-08-06 17:00:00'),(249,20,'2024-08-06 09:13:00','in',0,'2024-08-06 09:13:00','2024-08-06 09:13:00'),(250,20,'2024-08-06 17:00:00','out',0,'2024-08-06 17:00:00','2024-08-06 17:00:00'),(251,21,'2024-08-06 09:11:00','in',0,'2024-08-06 09:11:00','2024-08-06 09:11:00'),(252,21,'2024-08-06 17:00:00','out',0,'2024-08-06 17:00:00','2024-08-06 17:00:00'),(253,1,'2024-08-07 09:02:00','in',0,'2024-08-07 09:02:00','2024-08-07 09:02:00'),(254,1,'2024-08-07 17:00:00','out',0,'2024-08-07 17:00:00','2024-08-07 17:00:00'),(255,2,'2024-08-07 09:02:00','in',0,'2024-08-07 09:02:00','2024-08-07 09:02:00'),(256,2,'2024-08-07 17:00:00','out',0,'2024-08-07 17:00:00','2024-08-07 17:00:00'),(257,3,'2024-08-07 09:05:00','in',0,'2024-08-07 09:05:00','2024-08-07 09:05:00'),(258,3,'2024-08-07 17:00:00','out',0,'2024-08-07 17:00:00','2024-08-07 17:00:00'),(259,4,'2024-08-07 09:15:00','in',0,'2024-08-07 09:15:00','2024-08-07 09:15:00'),(260,4,'2024-08-07 17:00:00','out',0,'2024-08-07 17:00:00','2024-08-07 17:00:00'),(261,5,'2024-08-07 09:18:00','in',1,'2024-08-07 09:18:00','2024-08-07 09:18:00'),(262,5,'2024-08-07 17:00:00','out',0,'2024-08-07 17:00:00','2024-08-07 17:00:00'),(263,6,'2024-08-07 09:01:00','in',0,'2024-08-07 09:01:00','2024-08-07 09:01:00'),(264,6,'2024-08-07 17:00:00','out',0,'2024-08-07 17:00:00','2024-08-07 17:00:00'),(265,7,'2024-08-07 09:11:00','in',0,'2024-08-07 09:11:00','2024-08-07 09:11:00'),(266,7,'2024-08-07 17:00:00','out',0,'2024-08-07 17:00:00','2024-08-07 17:00:00'),(267,8,'2024-08-07 09:14:00','in',0,'2024-08-07 09:14:00','2024-08-07 09:14:00'),(268,8,'2024-08-07 17:00:00','out',0,'2024-08-07 17:00:00','2024-08-07 17:00:00'),(269,9,'2024-08-07 09:11:00','in',0,'2024-08-07 09:11:00','2024-08-07 09:11:00'),(270,9,'2024-08-07 17:00:00','out',0,'2024-08-07 17:00:00','2024-08-07 17:00:00'),(271,10,'2024-08-07 09:17:00','in',1,'2024-08-07 09:17:00','2024-08-07 09:17:00'),(272,10,'2024-08-07 17:00:00','out',0,'2024-08-07 17:00:00','2024-08-07 17:00:00'),(273,11,'2024-08-07 09:12:00','in',0,'2024-08-07 09:12:00','2024-08-07 09:12:00'),(274,11,'2024-08-07 17:00:00','out',0,'2024-08-07 17:00:00','2024-08-07 17:00:00'),(275,12,'2024-08-07 09:18:00','in',1,'2024-08-07 09:18:00','2024-08-07 09:18:00'),(276,12,'2024-08-07 17:00:00','out',0,'2024-08-07 17:00:00','2024-08-07 17:00:00'),(277,13,'2024-08-07 09:11:00','in',0,'2024-08-07 09:11:00','2024-08-07 09:11:00'),(278,13,'2024-08-07 17:00:00','out',0,'2024-08-07 17:00:00','2024-08-07 17:00:00'),(279,14,'2024-08-07 09:04:00','in',0,'2024-08-07 09:04:00','2024-08-07 09:04:00'),(280,14,'2024-08-07 17:00:00','out',0,'2024-08-07 17:00:00','2024-08-07 17:00:00'),(281,15,'2024-08-07 09:17:00','in',1,'2024-08-07 09:17:00','2024-08-07 09:17:00'),(282,15,'2024-08-07 17:00:00','out',0,'2024-08-07 17:00:00','2024-08-07 17:00:00'),(283,16,'2024-08-07 09:14:00','in',0,'2024-08-07 09:14:00','2024-08-07 09:14:00'),(284,16,'2024-08-07 17:00:00','out',0,'2024-08-07 17:00:00','2024-08-07 17:00:00'),(285,17,'2024-08-07 09:01:00','in',0,'2024-08-07 09:01:00','2024-08-07 09:01:00'),(286,17,'2024-08-07 17:00:00','out',0,'2024-08-07 17:00:00','2024-08-07 17:00:00'),(287,18,'2024-08-07 09:11:00','in',0,'2024-08-07 09:11:00','2024-08-07 09:11:00'),(288,18,'2024-08-07 17:00:00','out',0,'2024-08-07 17:00:00','2024-08-07 17:00:00'),(289,19,'2024-08-07 09:14:00','in',0,'2024-08-07 09:14:00','2024-08-07 09:14:00'),(290,19,'2024-08-07 17:00:00','out',0,'2024-08-07 17:00:00','2024-08-07 17:00:00'),(291,20,'2024-08-07 09:19:00','in',1,'2024-08-07 09:19:00','2024-08-07 09:19:00'),(292,20,'2024-08-07 17:00:00','out',0,'2024-08-07 17:00:00','2024-08-07 17:00:00'),(293,21,'2024-08-07 09:11:00','in',0,'2024-08-07 09:11:00','2024-08-07 09:11:00'),(294,21,'2024-08-07 17:00:00','out',0,'2024-08-07 17:00:00','2024-08-07 17:00:00'),(295,1,'2024-08-08 09:11:00','in',0,'2024-08-08 09:11:00','2024-08-08 09:11:00'),(296,1,'2024-08-08 17:00:00','out',0,'2024-08-08 17:00:00','2024-08-08 17:00:00'),(297,2,'2024-08-08 09:06:00','in',0,'2024-08-08 09:06:00','2024-08-08 09:06:00'),(298,2,'2024-08-08 17:00:00','out',0,'2024-08-08 17:00:00','2024-08-08 17:00:00'),(299,3,'2024-08-08 09:20:00','in',1,'2024-08-08 09:20:00','2024-08-08 09:20:00'),(300,3,'2024-08-08 17:00:00','out',0,'2024-08-08 17:00:00','2024-08-08 17:00:00'),(301,4,'2024-08-08 09:04:00','in',0,'2024-08-08 09:04:00','2024-08-08 09:04:00'),(302,4,'2024-08-08 17:00:00','out',0,'2024-08-08 17:00:00','2024-08-08 17:00:00'),(303,5,'2024-08-08 09:12:00','in',0,'2024-08-08 09:12:00','2024-08-08 09:12:00'),(304,5,'2024-08-08 17:00:00','out',0,'2024-08-08 17:00:00','2024-08-08 17:00:00'),(305,6,'2024-08-08 09:18:00','in',1,'2024-08-08 09:18:00','2024-08-08 09:18:00'),(306,6,'2024-08-08 17:00:00','out',0,'2024-08-08 17:00:00','2024-08-08 17:00:00'),(307,7,'2024-08-08 09:04:00','in',0,'2024-08-08 09:04:00','2024-08-08 09:04:00'),(308,7,'2024-08-08 17:00:00','out',0,'2024-08-08 17:00:00','2024-08-08 17:00:00'),(309,8,'2024-08-08 09:05:00','in',0,'2024-08-08 09:05:00','2024-08-08 09:05:00'),(310,8,'2024-08-08 17:00:00','out',0,'2024-08-08 17:00:00','2024-08-08 17:00:00'),(311,9,'2024-08-08 09:04:00','in',0,'2024-08-08 09:04:00','2024-08-08 09:04:00'),(312,9,'2024-08-08 17:00:00','out',0,'2024-08-08 17:00:00','2024-08-08 17:00:00'),(313,10,'2024-08-08 09:00:00','in',0,'2024-08-08 09:00:00','2024-08-08 09:00:00'),(314,10,'2024-08-08 17:00:00','out',0,'2024-08-08 17:00:00','2024-08-08 17:00:00'),(315,11,'2024-08-08 09:17:00','in',1,'2024-08-08 09:17:00','2024-08-08 09:17:00'),(316,11,'2024-08-08 17:00:00','out',0,'2024-08-08 17:00:00','2024-08-08 17:00:00'),(317,12,'2024-08-08 09:18:00','in',1,'2024-08-08 09:18:00','2024-08-08 09:18:00'),(318,12,'2024-08-08 17:00:00','out',0,'2024-08-08 17:00:00','2024-08-08 17:00:00'),(319,13,'2024-08-08 09:18:00','in',1,'2024-08-08 09:18:00','2024-08-08 09:18:00'),(320,13,'2024-08-08 17:00:00','out',0,'2024-08-08 17:00:00','2024-08-08 17:00:00'),(321,14,'2024-08-08 09:04:00','in',0,'2024-08-08 09:04:00','2024-08-08 09:04:00'),(322,14,'2024-08-08 17:00:00','out',0,'2024-08-08 17:00:00','2024-08-08 17:00:00'),(323,15,'2024-08-08 09:07:00','in',0,'2024-08-08 09:07:00','2024-08-08 09:07:00'),(324,15,'2024-08-08 17:00:00','out',0,'2024-08-08 17:00:00','2024-08-08 17:00:00'),(325,16,'2024-08-08 09:15:00','in',0,'2024-08-08 09:15:00','2024-08-08 09:15:00'),(326,16,'2024-08-08 17:00:00','out',0,'2024-08-08 17:00:00','2024-08-08 17:00:00'),(327,17,'2024-08-08 09:07:00','in',0,'2024-08-08 09:07:00','2024-08-08 09:07:00'),(328,17,'2024-08-08 17:00:00','out',0,'2024-08-08 17:00:00','2024-08-08 17:00:00'),(329,18,'2024-08-08 09:15:00','in',0,'2024-08-08 09:15:00','2024-08-08 09:15:00'),(330,18,'2024-08-08 17:00:00','out',0,'2024-08-08 17:00:00','2024-08-08 17:00:00'),(331,19,'2024-08-08 09:16:00','in',1,'2024-08-08 09:16:00','2024-08-08 09:16:00'),(332,19,'2024-08-08 17:00:00','out',0,'2024-08-08 17:00:00','2024-08-08 17:00:00'),(333,20,'2024-08-08 09:00:00','in',0,'2024-08-08 09:00:00','2024-08-08 09:00:00'),(334,20,'2024-08-08 17:00:00','out',0,'2024-08-08 17:00:00','2024-08-08 17:00:00'),(335,21,'2024-08-08 09:14:00','in',0,'2024-08-08 09:14:00','2024-08-08 09:14:00'),(336,21,'2024-08-08 17:00:00','out',0,'2024-08-08 17:00:00','2024-08-08 17:00:00'),(337,1,'2024-08-09 09:06:00','in',0,'2024-08-09 09:06:00','2024-08-09 09:06:00'),(338,1,'2024-08-09 17:00:00','out',0,'2024-08-09 17:00:00','2024-08-09 17:00:00'),(339,2,'2024-08-09 09:15:00','in',0,'2024-08-09 09:15:00','2024-08-09 09:15:00'),(340,2,'2024-08-09 17:00:00','out',0,'2024-08-09 17:00:00','2024-08-09 17:00:00'),(341,3,'2024-08-09 09:07:00','in',0,'2024-08-09 09:07:00','2024-08-09 09:07:00'),(342,3,'2024-08-09 17:00:00','out',0,'2024-08-09 17:00:00','2024-08-09 17:00:00'),(343,4,'2024-08-09 09:17:00','in',1,'2024-08-09 09:17:00','2024-08-09 09:17:00'),(344,4,'2024-08-09 17:00:00','out',0,'2024-08-09 17:00:00','2024-08-09 17:00:00'),(345,5,'2024-08-09 09:00:00','in',0,'2024-08-09 09:00:00','2024-08-09 09:00:00'),(346,5,'2024-08-09 17:00:00','out',0,'2024-08-09 17:00:00','2024-08-09 17:00:00'),(347,6,'2024-08-09 09:10:00','in',0,'2024-08-09 09:10:00','2024-08-09 09:10:00'),(348,6,'2024-08-09 17:00:00','out',0,'2024-08-09 17:00:00','2024-08-09 17:00:00'),(349,7,'2024-08-09 09:13:00','in',0,'2024-08-09 09:13:00','2024-08-09 09:13:00'),(350,7,'2024-08-09 17:00:00','out',0,'2024-08-09 17:00:00','2024-08-09 17:00:00'),(351,8,'2024-08-09 09:16:00','in',1,'2024-08-09 09:16:00','2024-08-09 09:16:00'),(352,8,'2024-08-09 17:00:00','out',0,'2024-08-09 17:00:00','2024-08-09 17:00:00'),(353,9,'2024-08-09 09:06:00','in',0,'2024-08-09 09:06:00','2024-08-09 09:06:00'),(354,9,'2024-08-09 17:00:00','out',0,'2024-08-09 17:00:00','2024-08-09 17:00:00'),(355,10,'2024-08-09 09:09:00','in',0,'2024-08-09 09:09:00','2024-08-09 09:09:00'),(356,10,'2024-08-09 17:00:00','out',0,'2024-08-09 17:00:00','2024-08-09 17:00:00'),(357,11,'2024-08-09 09:03:00','in',0,'2024-08-09 09:03:00','2024-08-09 09:03:00'),(358,11,'2024-08-09 17:00:00','out',0,'2024-08-09 17:00:00','2024-08-09 17:00:00'),(359,12,'2024-08-09 09:18:00','in',1,'2024-08-09 09:18:00','2024-08-09 09:18:00'),(360,12,'2024-08-09 17:00:00','out',0,'2024-08-09 17:00:00','2024-08-09 17:00:00'),(361,13,'2024-08-09 09:08:00','in',0,'2024-08-09 09:08:00','2024-08-09 09:08:00'),(362,13,'2024-08-09 17:00:00','out',0,'2024-08-09 17:00:00','2024-08-09 17:00:00'),(363,14,'2024-08-09 09:19:00','in',1,'2024-08-09 09:19:00','2024-08-09 09:19:00'),(364,14,'2024-08-09 17:00:00','out',0,'2024-08-09 17:00:00','2024-08-09 17:00:00'),(365,15,'2024-08-09 09:20:00','in',1,'2024-08-09 09:20:00','2024-08-09 09:20:00'),(366,15,'2024-08-09 17:00:00','out',0,'2024-08-09 17:00:00','2024-08-09 17:00:00'),(367,16,'2024-08-09 09:10:00','in',0,'2024-08-09 09:10:00','2024-08-09 09:10:00'),(368,16,'2024-08-09 17:00:00','out',0,'2024-08-09 17:00:00','2024-08-09 17:00:00'),(369,17,'2024-08-09 09:06:00','in',0,'2024-08-09 09:06:00','2024-08-09 09:06:00'),(370,17,'2024-08-09 17:00:00','out',0,'2024-08-09 17:00:00','2024-08-09 17:00:00'),(371,18,'2024-08-09 09:01:00','in',0,'2024-08-09 09:01:00','2024-08-09 09:01:00'),(372,18,'2024-08-09 17:00:00','out',0,'2024-08-09 17:00:00','2024-08-09 17:00:00'),(373,19,'2024-08-09 09:07:00','in',0,'2024-08-09 09:07:00','2024-08-09 09:07:00'),(374,19,'2024-08-09 17:00:00','out',0,'2024-08-09 17:00:00','2024-08-09 17:00:00'),(375,20,'2024-08-09 09:02:00','in',0,'2024-08-09 09:02:00','2024-08-09 09:02:00'),(376,20,'2024-08-09 17:00:00','out',0,'2024-08-09 17:00:00','2024-08-09 17:00:00'),(377,21,'2024-08-09 09:00:00','in',0,'2024-08-09 09:00:00','2024-08-09 09:00:00'),(378,21,'2024-08-09 17:00:00','out',0,'2024-08-09 17:00:00','2024-08-09 17:00:00'),(379,1,'2024-08-10 16:25:32','in',1,'2024-08-10 16:25:32','2024-08-10 16:25:32'),(380,1,'2024-08-10 16:25:35','out',0,'2024-08-10 16:25:35','2024-08-10 16:25:35');
/*!40000 ALTER TABLE `attendances` ENABLE KEYS */;
UNLOCK TABLES;

--
-- Table structure for table `cache`
--

DROP TABLE IF EXISTS `cache`;
/*!40101 SET @saved_cs_client     = @@character_set_client */;
/*!50503 SET character_set_client = utf8mb4 */;
CREATE TABLE `cache` (
  `key` varchar(255) COLLATE utf8mb4_unicode_ci NOT NULL,
  `value` mediumtext COLLATE utf8mb4_unicode_ci NOT NULL,
  `expiration` int NOT NULL,
  PRIMARY KEY (`key`)
) ENGINE=InnoDB DEFAULT CHARSET=utf8mb4 COLLATE=utf8mb4_unicode_ci;
/*!40101 SET character_set_client = @saved_cs_client */;

--
-- Dumping data for table `cache`
--

LOCK TABLES `cache` WRITE;
/*!40000 ALTER TABLE `cache` DISABLE KEYS */;
/*!40000 ALTER TABLE `cache` ENABLE KEYS */;
UNLOCK TABLES;

--
-- Table structure for table `cache_locks`
--

DROP TABLE IF EXISTS `cache_locks`;
/*!40101 SET @saved_cs_client     = @@character_set_client */;
/*!50503 SET character_set_client = utf8mb4 */;
CREATE TABLE `cache_locks` (
  `key` varchar(255) COLLATE utf8mb4_unicode_ci NOT NULL,
  `owner` varchar(255) COLLATE utf8mb4_unicode_ci NOT NULL,
  `expiration` int NOT NULL,
  PRIMARY KEY (`key`)
) ENGINE=InnoDB DEFAULT CHARSET=utf8mb4 COLLATE=utf8mb4_unicode_ci;
/*!40101 SET character_set_client = @saved_cs_client */;

--
-- Dumping data for table `cache_locks`
--

LOCK TABLES `cache_locks` WRITE;
/*!40000 ALTER TABLE `cache_locks` DISABLE KEYS */;
/*!40000 ALTER TABLE `cache_locks` ENABLE KEYS */;
UNLOCK TABLES;

--
-- Table structure for table `employees`
--

DROP TABLE IF EXISTS `employees`;
/*!40101 SET @saved_cs_client     = @@character_set_client */;
/*!50503 SET character_set_client = utf8mb4 */;
CREATE TABLE `employees` (
  `id` bigint unsigned NOT NULL AUTO_INCREMENT,
  `first_name` varchar(255) COLLATE utf8mb4_unicode_ci NOT NULL,
  `last_name` varchar(255) COLLATE utf8mb4_unicode_ci NOT NULL,
  `gender` enum('male','female') COLLATE utf8mb4_unicode_ci NOT NULL,
  `birth_date` date DEFAULT NULL,
  `position_id` bigint unsigned DEFAULT NULL,
  `shift_id` bigint unsigned DEFAULT NULL,
  `created_at` timestamp NULL DEFAULT NULL,
  `updated_at` timestamp NULL DEFAULT NULL,
  PRIMARY KEY (`id`),
  KEY `employees_position_id_foreign` (`position_id`),
  KEY `employees_shift_id_foreign` (`shift_id`),
  CONSTRAINT `employees_position_id_foreign` FOREIGN KEY (`position_id`) REFERENCES `positions` (`id`) ON DELETE SET NULL ON UPDATE CASCADE,
  CONSTRAINT `employees_shift_id_foreign` FOREIGN KEY (`shift_id`) REFERENCES `shifts` (`id`) ON DELETE SET NULL ON UPDATE CASCADE
) ENGINE=InnoDB AUTO_INCREMENT=22 DEFAULT CHARSET=utf8mb4 COLLATE=utf8mb4_unicode_ci;
/*!40101 SET character_set_client = @saved_cs_client */;

--
-- Dumping data for table `employees`
--

LOCK TABLES `employees` WRITE;
/*!40000 ALTER TABLE `employees` DISABLE KEYS */;
INSERT INTO `employees` VALUES (1,'Dimas','Nurfauzi','male','2002-03-29',1,1,'2024-08-10 16:23:31','2024-08-10 16:23:31'),(2,'Andi','Tegar','male','2001-01-14',2,1,'2024-08-10 16:23:31','2024-08-10 16:23:31'),(3,'Gilbert','Santoso','male','2001-06-08',3,1,'2024-08-10 16:23:31','2024-08-10 16:23:31'),(4,'Jono','Johan','male','1996-01-30',1,1,'2024-08-10 16:23:31','2024-08-10 16:23:31'),(5,'Virman','Langgeng','male','1975-05-01',1,1,'2024-08-10 16:23:31','2024-08-10 16:23:31'),(6,'Victoria','Vera','female','1986-04-27',1,1,'2024-08-10 16:23:31','2024-08-10 16:23:31'),(7,'Hana','Ika','female','1992-06-21',2,1,'2024-08-10 16:23:31','2024-08-10 16:23:31'),(8,'Sarah','Faizah','female','1975-11-28',2,1,'2024-08-10 16:23:31','2024-08-10 16:23:31'),(9,'Galar','Cayadi','male','1972-10-24',2,1,'2024-08-10 16:23:31','2024-08-10 16:23:31'),(10,'Widya','Gasti','female','1990-03-24',2,1,'2024-08-10 16:23:31','2024-08-10 16:23:31'),(11,'Jamalia','Oliva','female','1975-10-02',2,1,'2024-08-10 16:23:31','2024-08-10 16:23:31'),(12,'Diah','Puji','female','1970-06-24',3,1,'2024-08-10 16:23:31','2024-08-10 16:23:31'),(13,'Gamani','Argono','male','1990-07-10',3,1,'2024-08-10 16:23:31','2024-08-10 16:23:31'),(14,'Yulia','Karimah','female','1971-11-08',3,1,'2024-08-10 16:23:31','2024-08-10 16:23:31'),(15,'Fitriani','Vanesa','female','1970-01-05',3,1,'2024-08-10 16:23:31','2024-08-10 16:23:31'),(16,'Kartika','Gilda','female','1973-12-26',3,1,'2024-08-10 16:23:31','2024-08-10 16:23:31'),(17,'Wahyu','Karja','male','1977-10-09',3,1,'2024-08-10 16:23:31','2024-08-10 16:23:31'),(18,'Sadina','Aurora','female','1991-01-19',3,1,'2024-08-10 16:23:31','2024-08-10 16:23:31'),(19,'Balamantri','Marsudi','male','1991-11-10',3,1,'2024-08-10 16:23:31','2024-08-10 16:23:31'),(20,'Nadine','Keisha','female','1991-10-14',3,1,'2024-08-10 16:23:31','2024-08-10 16:23:31'),(21,'Nadia','Gasti','female','1995-06-14',3,1,'2024-08-10 16:23:31','2024-08-10 16:23:31');
/*!40000 ALTER TABLE `employees` ENABLE KEYS */;
UNLOCK TABLES;

--
-- Table structure for table `failed_jobs`
--

DROP TABLE IF EXISTS `failed_jobs`;
/*!40101 SET @saved_cs_client     = @@character_set_client */;
/*!50503 SET character_set_client = utf8mb4 */;
CREATE TABLE `failed_jobs` (
  `id` bigint unsigned NOT NULL AUTO_INCREMENT,
  `uuid` varchar(255) COLLATE utf8mb4_unicode_ci NOT NULL,
  `connection` text COLLATE utf8mb4_unicode_ci NOT NULL,
  `queue` text COLLATE utf8mb4_unicode_ci NOT NULL,
  `payload` longtext COLLATE utf8mb4_unicode_ci NOT NULL,
  `exception` longtext COLLATE utf8mb4_unicode_ci NOT NULL,
  `failed_at` timestamp NOT NULL DEFAULT CURRENT_TIMESTAMP,
  PRIMARY KEY (`id`),
  UNIQUE KEY `failed_jobs_uuid_unique` (`uuid`)
) ENGINE=InnoDB DEFAULT CHARSET=utf8mb4 COLLATE=utf8mb4_unicode_ci;
/*!40101 SET character_set_client = @saved_cs_client */;

--
-- Dumping data for table `failed_jobs`
--

LOCK TABLES `failed_jobs` WRITE;
/*!40000 ALTER TABLE `failed_jobs` DISABLE KEYS */;
/*!40000 ALTER TABLE `failed_jobs` ENABLE KEYS */;
UNLOCK TABLES;

--
-- Table structure for table `job_batches`
--

DROP TABLE IF EXISTS `job_batches`;
/*!40101 SET @saved_cs_client     = @@character_set_client */;
/*!50503 SET character_set_client = utf8mb4 */;
CREATE TABLE `job_batches` (
  `id` varchar(255) COLLATE utf8mb4_unicode_ci NOT NULL,
  `name` varchar(255) COLLATE utf8mb4_unicode_ci NOT NULL,
  `total_jobs` int NOT NULL,
  `pending_jobs` int NOT NULL,
  `failed_jobs` int NOT NULL,
  `failed_job_ids` longtext COLLATE utf8mb4_unicode_ci NOT NULL,
  `options` mediumtext COLLATE utf8mb4_unicode_ci,
  `cancelled_at` int DEFAULT NULL,
  `created_at` int NOT NULL,
  `finished_at` int DEFAULT NULL,
  PRIMARY KEY (`id`)
) ENGINE=InnoDB DEFAULT CHARSET=utf8mb4 COLLATE=utf8mb4_unicode_ci;
/*!40101 SET character_set_client = @saved_cs_client */;

--
-- Dumping data for table `job_batches`
--

LOCK TABLES `job_batches` WRITE;
/*!40000 ALTER TABLE `job_batches` DISABLE KEYS */;
/*!40000 ALTER TABLE `job_batches` ENABLE KEYS */;
UNLOCK TABLES;

--
-- Table structure for table `jobs`
--

DROP TABLE IF EXISTS `jobs`;
/*!40101 SET @saved_cs_client     = @@character_set_client */;
/*!50503 SET character_set_client = utf8mb4 */;
CREATE TABLE `jobs` (
  `id` bigint unsigned NOT NULL AUTO_INCREMENT,
  `queue` varchar(255) COLLATE utf8mb4_unicode_ci NOT NULL,
  `payload` longtext COLLATE utf8mb4_unicode_ci NOT NULL,
  `attempts` tinyint unsigned NOT NULL,
  `reserved_at` int unsigned DEFAULT NULL,
  `available_at` int unsigned NOT NULL,
  `created_at` int unsigned NOT NULL,
  PRIMARY KEY (`id`),
  KEY `jobs_queue_index` (`queue`)
) ENGINE=InnoDB DEFAULT CHARSET=utf8mb4 COLLATE=utf8mb4_unicode_ci;
/*!40101 SET character_set_client = @saved_cs_client */;

--
-- Dumping data for table `jobs`
--

LOCK TABLES `jobs` WRITE;
/*!40000 ALTER TABLE `jobs` DISABLE KEYS */;
/*!40000 ALTER TABLE `jobs` ENABLE KEYS */;
UNLOCK TABLES;

--
-- Table structure for table `migrations`
--

DROP TABLE IF EXISTS `migrations`;
/*!40101 SET @saved_cs_client     = @@character_set_client */;
/*!50503 SET character_set_client = utf8mb4 */;
CREATE TABLE `migrations` (
  `id` int unsigned NOT NULL AUTO_INCREMENT,
  `migration` varchar(255) COLLATE utf8mb4_unicode_ci NOT NULL,
  `batch` int NOT NULL,
  PRIMARY KEY (`id`)
) ENGINE=InnoDB AUTO_INCREMENT=10 DEFAULT CHARSET=utf8mb4 COLLATE=utf8mb4_unicode_ci;
/*!40101 SET character_set_client = @saved_cs_client */;

--
-- Dumping data for table `migrations`
--

LOCK TABLES `migrations` WRITE;
/*!40000 ALTER TABLE `migrations` DISABLE KEYS */;
INSERT INTO `migrations` VALUES (1,'0001_01_01_000000_create_users_table',1),(2,'0001_01_01_000001_create_cache_table',1),(3,'0001_01_01_000002_create_jobs_table',1),(4,'2024_08_08_125815_create_positions_table',1),(5,'2024_08_08_125838_create_shifts_table',1),(6,'2024_08_08_125845_create_employees_table',1),(7,'2024_08_08_125854_add_employee_id_to_users_table',1),(8,'2024_08_08_125903_create_attendances_table',1),(9,'2024_08_10_000614_add_is_late_to_attendances_table',1);
/*!40000 ALTER TABLE `migrations` ENABLE KEYS */;
UNLOCK TABLES;

--
-- Table structure for table `password_reset_tokens`
--

DROP TABLE IF EXISTS `password_reset_tokens`;
/*!40101 SET @saved_cs_client     = @@character_set_client */;
/*!50503 SET character_set_client = utf8mb4 */;
CREATE TABLE `password_reset_tokens` (
  `email` varchar(255) COLLATE utf8mb4_unicode_ci NOT NULL,
  `token` varchar(255) COLLATE utf8mb4_unicode_ci NOT NULL,
  `created_at` timestamp NULL DEFAULT NULL,
  PRIMARY KEY (`email`)
) ENGINE=InnoDB DEFAULT CHARSET=utf8mb4 COLLATE=utf8mb4_unicode_ci;
/*!40101 SET character_set_client = @saved_cs_client */;

--
-- Dumping data for table `password_reset_tokens`
--

LOCK TABLES `password_reset_tokens` WRITE;
/*!40000 ALTER TABLE `password_reset_tokens` DISABLE KEYS */;
/*!40000 ALTER TABLE `password_reset_tokens` ENABLE KEYS */;
UNLOCK TABLES;

--
-- Table structure for table `positions`
--

DROP TABLE IF EXISTS `positions`;
/*!40101 SET @saved_cs_client     = @@character_set_client */;
/*!50503 SET character_set_client = utf8mb4 */;
CREATE TABLE `positions` (
  `id` bigint unsigned NOT NULL AUTO_INCREMENT,
  `parent_id` bigint unsigned DEFAULT NULL,
  `name` varchar(255) COLLATE utf8mb4_unicode_ci NOT NULL,
  `created_at` timestamp NULL DEFAULT NULL,
  `updated_at` timestamp NULL DEFAULT NULL,
  PRIMARY KEY (`id`)
) ENGINE=InnoDB AUTO_INCREMENT=4 DEFAULT CHARSET=utf8mb4 COLLATE=utf8mb4_unicode_ci;
/*!40101 SET character_set_client = @saved_cs_client */;

--
-- Dumping data for table `positions`
--

LOCK TABLES `positions` WRITE;
/*!40000 ALTER TABLE `positions` DISABLE KEYS */;
INSERT INTO `positions` VALUES (1,NULL,'Direktur','2024-08-10 16:23:31','2024-08-10 16:23:31'),(2,1,'Manager','2024-08-10 16:23:31','2024-08-10 16:23:31'),(3,2,'Staff','2024-08-10 16:23:31','2024-08-10 16:23:31');
/*!40000 ALTER TABLE `positions` ENABLE KEYS */;
UNLOCK TABLES;

--
-- Table structure for table `sessions`
--

DROP TABLE IF EXISTS `sessions`;
/*!40101 SET @saved_cs_client     = @@character_set_client */;
/*!50503 SET character_set_client = utf8mb4 */;
CREATE TABLE `sessions` (
  `id` varchar(255) COLLATE utf8mb4_unicode_ci NOT NULL,
  `user_id` bigint unsigned DEFAULT NULL,
  `ip_address` varchar(45) COLLATE utf8mb4_unicode_ci DEFAULT NULL,
  `user_agent` text COLLATE utf8mb4_unicode_ci,
  `payload` longtext COLLATE utf8mb4_unicode_ci NOT NULL,
  `last_activity` int NOT NULL,
  PRIMARY KEY (`id`),
  KEY `sessions_user_id_index` (`user_id`),
  KEY `sessions_last_activity_index` (`last_activity`)
) ENGINE=InnoDB DEFAULT CHARSET=utf8mb4 COLLATE=utf8mb4_unicode_ci;
/*!40101 SET character_set_client = @saved_cs_client */;

--
-- Dumping data for table `sessions`
--

LOCK TABLES `sessions` WRITE;
/*!40000 ALTER TABLE `sessions` DISABLE KEYS */;
INSERT INTO `sessions` VALUES ('QVgG9rGurbLGeP0Vej4UGe2uB8PF5oRhHnfYwtCi',NULL,'127.0.0.1','Mozilla/5.0 (Windows NT 10.0; Win64; x64) AppleWebKit/537.36 (KHTML, like Gecko) Chrome/127.0.0.0 Safari/537.36','YTo0OntzOjY6Il90b2tlbiI7czo0MDoiMGZVOXFGbU5UUFZzRWRGZlZxMjFwTGRTdHFvNkxiRXkxWHVUOUJKMSI7czozOiJ1cmwiO2E6MTp7czo4OiJpbnRlbmRlZCI7czozMzoiaHR0cDovLzEyNy4wLjAuMTo4MDAwL2F1dGgvbG9nb3V0Ijt9czo5OiJfcHJldmlvdXMiO2E6MTp7czozOiJ1cmwiO3M6MzI6Imh0dHA6Ly8xMjcuMC4wLjE6ODAwMC9hdXRoL2xvZ2luIjt9czo2OiJfZmxhc2giO2E6Mjp7czozOiJvbGQiO2E6MDp7fXM6MzoibmV3IjthOjA6e319fQ==',1723282066);
/*!40000 ALTER TABLE `sessions` ENABLE KEYS */;
UNLOCK TABLES;

--
-- Table structure for table `shifts`
--

DROP TABLE IF EXISTS `shifts`;
/*!40101 SET @saved_cs_client     = @@character_set_client */;
/*!50503 SET character_set_client = utf8mb4 */;
CREATE TABLE `shifts` (
  `id` bigint unsigned NOT NULL AUTO_INCREMENT,
  `name` varchar(255) COLLATE utf8mb4_unicode_ci NOT NULL,
  `in` time NOT NULL,
  `out` time NOT NULL,
  `tolerance` int NOT NULL DEFAULT '0',
  `created_at` timestamp NULL DEFAULT NULL,
  `updated_at` timestamp NULL DEFAULT NULL,
  PRIMARY KEY (`id`)
) ENGINE=InnoDB AUTO_INCREMENT=3 DEFAULT CHARSET=utf8mb4 COLLATE=utf8mb4_unicode_ci;
/*!40101 SET character_set_client = @saved_cs_client */;

--
-- Dumping data for table `shifts`
--

LOCK TABLES `shifts` WRITE;
/*!40000 ALTER TABLE `shifts` DISABLE KEYS */;
INSERT INTO `shifts` VALUES (1,'Shift Pagi','09:00:00','17:00:00',15,'2024-08-10 16:23:31','2024-08-10 16:23:31'),(2,'Shift Siang','12:00:00','20:00:00',15,'2024-08-10 16:23:31','2024-08-10 16:23:31');
/*!40000 ALTER TABLE `shifts` ENABLE KEYS */;
UNLOCK TABLES;

--
-- Table structure for table `users`
--

DROP TABLE IF EXISTS `users`;
/*!40101 SET @saved_cs_client     = @@character_set_client */;
/*!50503 SET character_set_client = utf8mb4 */;
CREATE TABLE `users` (
  `id` bigint unsigned NOT NULL AUTO_INCREMENT,
  `email` varchar(255) COLLATE utf8mb4_unicode_ci NOT NULL,
  `email_verified_at` timestamp NULL DEFAULT NULL,
  `password` varchar(255) COLLATE utf8mb4_unicode_ci NOT NULL,
  `employee_id` bigint unsigned DEFAULT NULL,
  `remember_token` varchar(100) COLLATE utf8mb4_unicode_ci DEFAULT NULL,
  `created_at` timestamp NULL DEFAULT NULL,
  `updated_at` timestamp NULL DEFAULT NULL,
  PRIMARY KEY (`id`),
  UNIQUE KEY `users_email_unique` (`email`),
  KEY `users_employee_id_foreign` (`employee_id`),
  CONSTRAINT `users_employee_id_foreign` FOREIGN KEY (`employee_id`) REFERENCES `employees` (`id`) ON DELETE SET NULL ON UPDATE CASCADE
) ENGINE=InnoDB AUTO_INCREMENT=22 DEFAULT CHARSET=utf8mb4 COLLATE=utf8mb4_unicode_ci;
/*!40101 SET character_set_client = @saved_cs_client */;

--
-- Dumping data for table `users`
--

LOCK TABLES `users` WRITE;
/*!40000 ALTER TABLE `users` DISABLE KEYS */;
INSERT INTO `users` VALUES (1,'dimas.nurfauzi@kantor.com',NULL,'$2y$12$lSwAIhi2VI8UmrBPTs1o2udIMmtww.4Lc.crGkEyoOcfFNVsn6kXK',1,NULL,'2024-08-10 16:23:31','2024-08-10 16:23:31'),(2,'andi.tegar@kantor.com',NULL,'$2y$12$Z83mXCm1I4aduJ/0jv0QtOr3TyBR6FAG9QdreJ6A9mqSgdMi0jQi.',2,NULL,'2024-08-10 16:23:32','2024-08-10 16:23:32'),(3,'gilbert.santoso@kantor.com',NULL,'$2y$12$pJ7dP1sVRwTOF6ah1julEetG/9O/kF/9T.H8atR.UMjDy5HZYkiAy',3,NULL,'2024-08-10 16:23:32','2024-08-10 16:23:32'),(4,'jono.johan@kantor.com',NULL,'$2y$12$3xRY3gOJH/e2PM81vIDiHulEYxaW8KVlwL0GrMAxr9wFZ1D5qCxWC',4,NULL,'2024-08-10 16:23:32','2024-08-10 16:23:32'),(5,'virman.langgeng@kantor.com',NULL,'$2y$12$VpyPhv/qlNQPdRdZNnlIs.cJLVUxZv6gk4g3FDtZqTZH4ablrRRyi',5,NULL,'2024-08-10 16:23:32','2024-08-10 16:23:32'),(6,'victoria.vera@kantor.com',NULL,'$2y$12$afxu4PHyNa98HxeTEJGVf.EeHvSykt0GoYZTOzIeLv6XoRaE8LKi6',6,NULL,'2024-08-10 16:23:32','2024-08-10 16:23:32'),(7,'hana.ika@kantor.com',NULL,'$2y$12$tSGQpDtwxy.AV1iJQ.zl3OlHyekfBMO8uu.6sMVohVJyXEolkOSpy',7,NULL,'2024-08-10 16:23:32','2024-08-10 16:23:32'),(8,'sarah.faizah@kantor.com',NULL,'$2y$12$bIvQmp9syOFtaFFwTbcoM.xgEQx5eSqd0vnN2ZZEp2cign0TZ69jG',8,NULL,'2024-08-10 16:23:33','2024-08-10 16:23:33'),(9,'galar.cayadi@kantor.com',NULL,'$2y$12$2ugBqwmjbeYW/PMxQp8jv.GSIewcvtFcxDdeD3fYWbM6egueC0Epe',9,NULL,'2024-08-10 16:23:33','2024-08-10 16:23:33'),(10,'widya.gasti@kantor.com',NULL,'$2y$12$GOh9Z/E.iJtrcknjfDTRNOS/0/0cpLtdaFzjPgPZRlumOgr1PVXYC',10,NULL,'2024-08-10 16:23:33','2024-08-10 16:23:33'),(11,'jamalia.oliva@kantor.com',NULL,'$2y$12$gk2BNAswcl8oi3ZvoRuJxe10ZVgD9Oef4PybgcZDyZ26uihFVVOYq',11,NULL,'2024-08-10 16:23:33','2024-08-10 16:23:33'),(12,'diah.puji@kantor.com',NULL,'$2y$12$ofIuTTYQEB0Uz5RkGFBXRuzgETmKn4tFp.f167gVpyrySZKesyLaK',12,NULL,'2024-08-10 16:23:33','2024-08-10 16:23:33'),(13,'gamani.argono@kantor.com',NULL,'$2y$12$LxXCmeMFtYQXjSurPOJWjODqS0G8RPP654i1kMTLEaIfGUYMPaCkq',13,NULL,'2024-08-10 16:23:33','2024-08-10 16:23:33'),(14,'yulia.karimah@kantor.com',NULL,'$2y$12$VxegzTBPcoB/jD6mLDvdge9QAojVXIFuIMc9Y.5xshVLQaXmK8Jcq',14,NULL,'2024-08-10 16:23:34','2024-08-10 16:23:34'),(15,'fitriani.vanesa@kantor.com',NULL,'$2y$12$YeJHblJctHrOYPhIWeX17uluIPgYsooplBsdm2DeQYVld8Qg6RsDu',15,NULL,'2024-08-10 16:23:34','2024-08-10 16:23:34'),(16,'kartika.gilda@kantor.com',NULL,'$2y$12$QQWl9sA9yMlMLCa0Mj/FjuEZ7TCfy7YZEJhkVv47xgcRf0nUo5xHy',16,NULL,'2024-08-10 16:23:34','2024-08-10 16:23:34'),(17,'wahyu.karja@kantor.com',NULL,'$2y$12$0UrUT8VBtnohv99pLEm72.POAWL4KnblrzkwbEbljg8N.Mi4qDA3K',17,NULL,'2024-08-10 16:23:34','2024-08-10 16:23:34'),(18,'sadina.aurora@kantor.com',NULL,'$2y$12$9tknhJQo.8jwst0BoPSHQuLPJAu4.1Hulgv/xeCxqrmGGvU68b3KS',18,NULL,'2024-08-10 16:23:34','2024-08-10 16:23:34'),(19,'balamantri.marsudi@kantor.com',NULL,'$2y$12$252GuI2S0Y2tMOFBNzQoce2MoLQh4oOKEvjReluR7lohXC.PI4OjK',19,NULL,'2024-08-10 16:23:34','2024-08-10 16:23:34'),(20,'nadine.keisha@kantor.com',NULL,'$2y$12$sV6jYbwX9qOirda0YUsRBec4l1S3NuNBDkt3/eWEQ8ljyO2CVfmwK',20,NULL,'2024-08-10 16:23:35','2024-08-10 16:23:35'),(21,'nadia.gasti@kantor.com',NULL,'$2y$12$Ly6WuTISPiLdJBaq7RFmueQlp9co4tEQjiXUIeFAUi6uzVhkc6MCG',21,NULL,'2024-08-10 16:23:35','2024-08-10 16:23:35');
/*!40000 ALTER TABLE `users` ENABLE KEYS */;
UNLOCK TABLES;

--
-- Dumping routines for database 'uas_web_2'
--
/*!40103 SET TIME_ZONE=@OLD_TIME_ZONE */;

/*!40101 SET SQL_MODE=@OLD_SQL_MODE */;
/*!40014 SET FOREIGN_KEY_CHECKS=@OLD_FOREIGN_KEY_CHECKS */;
/*!40014 SET UNIQUE_CHECKS=@OLD_UNIQUE_CHECKS */;
/*!40101 SET CHARACTER_SET_CLIENT=@OLD_CHARACTER_SET_CLIENT */;
/*!40101 SET CHARACTER_SET_RESULTS=@OLD_CHARACTER_SET_RESULTS */;
/*!40101 SET COLLATION_CONNECTION=@OLD_COLLATION_CONNECTION */;
/*!40111 SET SQL_NOTES=@OLD_SQL_NOTES */;

-- Dump completed on 2024-08-10 16:29:59
